Инженер конструктор, Лингвист
Теолог, Невропатолог
Режиссёр, Генный инженер
Садовод, Плотник
Логопед, Статистик
Снайпер, Менеджер по рекламе
Онколог, Настройщик музыкальных инструментов
Распиловщик, Конструктор
Аккумуляторщик, Сварщик
Доярка, Делопроизводитель
Фтизиатр, Главный конструктор
Религиовед, Татуировщик
Инженер КИПиА, Педиатр
Столяр, Металлург
Крупье, Дизайнер
Редактор, Копирайтер
Конвоир, Зубной техник
Литейщик, Выпускающий редактор
Учитель, Мусорщик
Востоковед, Лаборант
Техник, Оператор кино и телевидения
Теолог, Звукооператор
Инженер-энергетик, Врач-диетолог
Инженер-гальваник, Балетмейстер
Флорист, Полицейский
Биоинженер, Психолог
Агроном-почвовед, Спортивный врач
Микробиолог
Медицинская сестра
Экономист
Растениевод
Бухгалтер
Специалист по стрижке овец
Коммерческий директор
Промышленный альпинист
Логопед
Таксист
Уролог
Шлифовщик
Мастер маникюра
Копирайтер
Скорняк
Брокер
